DATAFLOW,LAST UPDATE,freq,unit,airpol,src_crf,geo,TIME_PERIOD,OBS_VALUE,OBS_FLAG
"ESTAT:ENV_AIR_GGE(1.0),18/04/24 11:00:00,Annual,Thousand tonnes,""Greenhouse gases (CO2, N2O in CO2 equivalent, CH4 in CO2 equivalent, HFC in CO2 equivalent, PFC in CO2 equivalent, SF6 in CO2 equivalent, NF3 in CO2 equivalent)"",Agriculture,European Union - 27 countries (from 2020),1990,483165.78,"
"ESTAT:ENV_AIR_GGE(1.0),18/04/24 11:00:00,Annual,Thousand tonnes,""Greenhouse gases (CO2, N2O in CO2 equivalent, CH4 in CO2 equivalent, HFC in CO2 equivalent, PFC in CO2 equivalent, SF6 in CO2 equivalent, NF3 in CO2 equivalent)"",Agriculture,European Union - 27 countries (from 2020),1991,455098.05,"
"ESTAT:ENV_AIR_GGE(1.0),18/04/24 11:00:00,Annual,Thousand tonnes,""Greenhouse gases (CO2, N2O in CO2 equivalent, CH4 in CO2 equivalent, HFC in CO2 equivalent, PFC in CO2 equivalent, SF6 in CO2 equivalent, NF3 in CO2 equivalent)"",Agriculture,European Union - 27 countries (from 2020),1992,434383.75,"
"ESTAT:ENV_AIR_GGE(1.0),18/04/24 11:00:00,Annual,Thousand tonnes,""Greenhouse gases (CO2, N2O in CO2 equivalent, CH4 in CO2 equivalent, HFC in CO2 equivalent, PFC in CO2 equivalent, SF6 in CO2 equivalent, NF3 in CO2 equivalent)"",Agriculture,European Union - 27 countries (from 2020),1993,422919.61,"
"ESTAT:ENV_AIR_GGE(1.0),18/04/24 11:00:00,Annual,Thousand tonnes,""Greenhouse gases (CO2, N2O in CO2 equivalent, CH4 in CO2 equivalent, HFC in CO2 equivalent, PFC in CO2 equivalent, SF6 in CO2 equivalent, NF3 in CO2 equivalent)"",Agriculture,European Union - 27 countries (from 2020),1994,417601.43,"
"ESTAT:ENV_AIR_GGE(1.0),18/04/24 11:00:00,Annual,Thousand tonnes,""Greenhouse gases (CO2, N2O in CO2 equivalent, CH4 in CO2 equivalent, HFC in CO2 equivalent, PFC in CO2 equivalent, SF6 in CO2 equivalent, NF3 in CO2 equivalent)"",Agriculture,European Union - 27 countries (from 2020),1995,417485.66,"
"ESTAT:ENV_AIR_GGE(1.0),18/04/24 11:00:00,Annual,Thousand tonnes,""Greenhouse gases (CO2, N2O in CO2 equivalent, CH4 in CO2 equivalent, HFC in CO2 equivalent, PFC in CO2 equivalent, SF6 in CO2 equivalent, NF3 in CO2 equivalent)"",Agriculture,European Union - 27 countries (from 2020),1996,418660.18,"
"ESTAT:ENV_AIR_GGE(1.0),18/04/24 11:00:00,Annual,Thousand tonnes,""Greenhouse gases (CO2, N2O in CO2 equivalent, CH4 in CO2 equivalent, HFC in CO2 equivalent, PFC in CO2 equivalent, SF6 in CO2 equivalent, NF3 in CO2 equivalent)"",Agriculture,European Union - 27 countries (from 2020),1997,416541.18,"
"ESTAT:ENV_AIR_GGE(1.0),18/04/24 11:00:00,Annual,Thousand tonnes,""Greenhouse gases (CO2, N2O in CO2 equivalent, CH4 in CO2 equivalent, HFC in CO2 equivalent, PFC in CO2 equivalent, SF6 in CO2 equivalent, NF3 in CO2 equivalent)"",Agriculture,European Union - 27 countries (from 2020),1998,414337.07,"
"ESTAT:ENV_AIR_GGE(1.0),18/04/24 11:00:00,Annual,Thousand tonnes,""Greenhouse gases (CO2, N2O in CO2 equivalent, CH4 in CO2 equivalent, HFC in CO2 equivalent, PFC in CO2 equivalent, SF6 in CO2 equivalent, NF3 in CO2 equivalent)"",Agriculture,European Union - 27 countries (from 2020),1999,411903.78,"
"ESTAT:ENV_AIR_GGE(1.0),18/04/24 11:00:00,Annual,Thousand tonnes,""Greenhouse gases (CO2, N2O in CO2 equivalent, CH4 in CO2 equivalent, HFC in CO2 equivalent, PFC in CO2 equivalent, SF6 in CO2 equivalent, NF3 in CO2 equivalent)"",Agriculture,European Union - 27 countries (from 2020),2000,407920.14,"
"ESTAT:ENV_AIR_GGE(1.0),18/04/24 11:00:00,Annual,Thousand tonnes,""Greenhouse gases (CO2, N2O in CO2 equivalent, CH4 in CO2 equivalent, HFC in CO2 equivalent, PFC in CO2 equivalent, SF6 in CO2 equivalent, NF3 in CO2 equivalent)"",Agriculture,European Union - 27 countries (from 2020),2001,406215.04,"
"ESTAT:ENV_AIR_GGE(1.0),18/04/24 11:00:00,Annual,Thousand tonnes,""Greenhouse gases (CO2, N2O in CO2 equivalent, CH4 in CO2 equivalent, HFC in CO2 equivalent, PFC in CO2 equivalent, SF6 in CO2 equivalent, NF3 in CO2 equivalent)"",Agriculture,European Union - 27 countries (from 2020),2002,398946.47,"
"ESTAT:ENV_AIR_GGE(1.0),18/04/24 11:00:00,Annual,Thousand tonnes,""Greenhouse gases (CO2, N2O in CO2 equivalent, CH4 in CO2 equivalent, HFC in CO2 equivalent, PFC in CO2 equivalent, SF6 in CO2 equivalent, NF3 in CO2 equivalent)"",Agriculture,European Union - 27 countries (from 2020),2003,393768.72,"
"ESTAT:ENV_AIR_GGE(1.0),18/04/24 11:00:00,Annual,Thousand tonnes,""Greenhouse gases (CO2, N2O in CO2 equivalent, CH4 in CO2 equivalent, HFC in CO2 equivalent, PFC in CO2 equivalent, SF6 in CO2 equivalent, NF3 in CO2 equivalent)"",Agriculture,European Union - 27 countries (from 2020),2004,391393.45,"
"ESTAT:ENV_AIR_GGE(1.0),18/04/24 11:00:00,Annual,Thousand tonnes,""Greenhouse gases (CO2, N2O in CO2 equivalent, CH4 in CO2 equivalent, HFC in CO2 equivalent, PFC in CO2 equivalent, SF6 in CO2 equivalent, NF3 in CO2 equivalent)"",Agriculture,European Union - 27 countries (from 2020),2005,386815.44,"
"ESTAT:ENV_AIR_GGE(1.0),18/04/24 11:00:00,Annual,Thousand tonnes,""Greenhouse gases (CO2, N2O in CO2 equivalent, CH4 in CO2 equivalent, HFC in CO2 equivalent, PFC in CO2 equivalent, SF6 in CO2 equivalent, NF3 in CO2 equivalent)"",Agriculture,European Union - 27 countries (from 2020),2006,384537.57,"
"ESTAT:ENV_AIR_GGE(1.0),18/04/24 11:00:00,Annual,Thousand tonnes,""Greenhouse gases (CO2, N2O in CO2 equivalent, CH4 in CO2 equivalent, HFC in CO2 equivalent, PFC in CO2 equivalent, SF6 in CO2 equivalent, NF3 in CO2 equivalent)"",Agriculture,European Union - 27 countries (from 2020),2007,387542.32,"
"ESTAT:ENV_AIR_GGE(1.0),18/04/24 11:00:00,Annual,Thousand tonnes,""Greenhouse gases (CO2, N2O in CO2 equivalent, CH4 in CO2 equivalent, HFC in CO2 equivalent, PFC in CO2 equivalent, SF6 in CO2 equivalent, NF3 in CO2 equivalent)"",Agriculture,European Union - 27 countries (from 2020),2008,385230.93,"
"ESTAT:ENV_AIR_GGE(1.0),18/04/24 11:00:00,Annual,Thousand tonnes,""Greenhouse gases (CO2, N2O in CO2 equivalent, CH4 in CO2 equivalent, HFC in CO2 equivalent, PFC in CO2 equivalent, SF6 in CO2 equivalent, NF3 in CO2 equivalent)"",Agriculture,European Union - 27 countries (from 2020),2009,379860.5,"
"ESTAT:ENV_AIR_GGE(1.0),18/04/24 11:00:00,Annual,Thousand tonnes,""Greenhouse gases (CO2, N2O in CO2 equivalent, CH4 in CO2 equivalent, HFC in CO2 equivalent, PFC in CO2 equivalent, SF6 in CO2 equivalent, NF3 in CO2 equivalent)"",Agriculture,European Union - 27 countries (from 2020),2010,374793.91,"
"ESTAT:ENV_AIR_GGE(1.0),18/04/24 11:00:00,Annual,Thousand tonnes,""Greenhouse gases (CO2, N2O in CO2 equivalent, CH4 in CO2 equivalent, HFC in CO2 equivalent, PFC in CO2 equivalent, SF6 in CO2 equivalent, NF3 in CO2 equivalent)"",Agriculture,European Union - 27 countries (from 2020),2011,373857.03,"
"ESTAT:ENV_AIR_GGE(1.0),18/04/24 11:00:00,Annual,Thousand tonnes,""Greenhouse gases (CO2, N2O in CO2 equivalent, CH4 in CO2 equivalent, HFC in CO2 equivalent, PFC in CO2 equivalent, SF6 in CO2 equivalent, NF3 in CO2 equivalent)"",Agriculture,European Union - 27 countries (from 2020),2012,373657.65,"
"ESTAT:ENV_AIR_GGE(1.0),18/04/24 11:00:00,Annual,Thousand tonnes,""Greenhouse gases (CO2, N2O in CO2 equivalent, CH4 in CO2 equivalent, HFC in CO2 equivalent, PFC in CO2 equivalent, SF6 in CO2 equivalent, NF3 in CO2 equivalent)"",Agriculture,European Union - 27 countries (from 2020),2013,375965.9,"
"ESTAT:ENV_AIR_GGE(1.0),18/04/24 11:00:00,Annual,Thousand tonnes,""Greenhouse gases (CO2, N2O in CO2 equivalent, CH4 in CO2 equivalent, HFC in CO2 equivalent, PFC in CO2 equivalent, SF6 in CO2 equivalent, NF3 in CO2 equivalent)"",Agriculture,European Union - 27 countries (from 2020),2014,380480.9,"
"ESTAT:ENV_AIR_GGE(1.0),18/04/24 11:00:00,Annual,Thousand tonnes,""Greenhouse gases (CO2, N2O in CO2 equivalent, CH4 in CO2 equivalent, HFC in CO2 equivalent, PFC in CO2 equivalent, SF6 in CO2 equivalent, NF3 in CO2 equivalent)"",Agriculture,European Union - 27 countries (from 2020),2015,382745.19,"
"ESTAT:ENV_AIR_GGE(1.0),18/04/24 11:00:00,Annual,Thousand tonnes,""Greenhouse gases (CO2, N2O in CO2 equivalent, CH4 in CO2 equivalent, HFC in CO2 equivalent, PFC in CO2 equivalent, SF6 in CO2 equivalent, NF3 in CO2 equivalent)"",Agriculture,European Union - 27 countries (from 2020),2016,384906.95,"
"ESTAT:ENV_AIR_GGE(1.0),18/04/24 11:00:00,Annual,Thousand tonnes,""Greenhouse gases (CO2, N2O in CO2 equivalent, CH4 in CO2 equivalent, HFC in CO2 equivalent, PFC in CO2 equivalent, SF6 in CO2 equivalent, NF3 in CO2 equivalent)"",Agriculture,European Union - 27 countries (from 2020),2017,386106.83,"
"ESTAT:ENV_AIR_GGE(1.0),18/04/24 11:00:00,Annual,Thousand tonnes,""Greenhouse gases (CO2, N2O in CO2 equivalent, CH4 in CO2 equivalent, HFC in CO2 equivalent, PFC in CO2 equivalent, SF6 in CO2 equivalent, NF3 in CO2 equivalent)"",Agriculture,European Union - 27 countries (from 2020),2018,383666.37,"
"ESTAT:ENV_AIR_GGE(1.0),18/04/24 11:00:00,Annual,Thousand tonnes,""Greenhouse gases (CO2, N2O in CO2 equivalent, CH4 in CO2 equivalent, HFC in CO2 equivalent, PFC in CO2 equivalent, SF6 in CO2 equivalent, NF3 in CO2 equivalent)"",Agriculture,European Union - 27 countries (from 2020),2019,378414.57,"
"ESTAT:ENV_AIR_GGE(1.0),18/04/24 11:00:00,Annual,Thousand tonnes,""Greenhouse gases (CO2, N2O in CO2 equivalent, CH4 in CO2 equivalent, HFC in CO2 equivalent, PFC in CO2 equivalent, SF6 in CO2 equivalent, NF3 in CO2 equivalent)"",Agriculture,European Union - 27 countries (from 2020),2020,379870.13,"
"ESTAT:ENV_AIR_GGE(1.0),18/04/24 11:00:00,Annual,Thousand tonnes,""Greenhouse gases (CO2, N2O in CO2 equivalent, CH4 in CO2 equivalent, HFC in CO2 equivalent, PFC in CO2 equivalent, SF6 in CO2 equivalent, NF3 in CO2 equivalent)"",Agriculture,European Union - 27 countries (from 2020),2021,375996.09,"
"ESTAT:ENV_AIR_GGE(1.0),18/04/24 11:00:00,Annual,Thousand tonnes,""Greenhouse gases (CO2, N2O in CO2 equivalent, CH4 in CO2 equivalent, HFC in CO2 equivalent, PFC in CO2 equivalent, SF6 in CO2 equivalent, NF3 in CO2 equivalent)"",Agriculture,European Union - 27 countries (from 2020),2022,365718.96,"
"ESTAT:ENV_AIR_GGE(1.0),18/04/24 11:00:00,Annual,Thousand tonnes,""Greenhouse gases (CO2, N2O in CO2 equivalent, CH4 in CO2 equivalent, HFC in CO2 equivalent, PFC in CO2 equivalent, SF6 in CO2 equivalent, NF3 in CO2 equivalent)"",Agriculture,Hungary,1985,12019.51,"
"ESTAT:ENV_AIR_GGE(1.0),18/04/24 11:00:00,Annual,Thousand tonnes,""Greenhouse gases (CO2, N2O in CO2 equivalent, CH4 in CO2 equivalent, HFC in CO2 equivalent, PFC in CO2 equivalent, SF6 in CO2 equivalent, NF3 in CO2 equivalent)"",Agriculture,Hungary,1986,11918.03,"
"ESTAT:ENV_AIR_GGE(1.0),18/04/24 11:00:00,Annual,Thousand tonnes,""Greenhouse gases (CO2, N2O in CO2 equivalent, CH4 in CO2 equivalent, HFC in CO2 equivalent, PFC in CO2 equivalent, SF6 in CO2 equivalent, NF3 in CO2 equivalent)"",Agriculture,Hungary,1987,11975.73,"
"ESTAT:ENV_AIR_GGE(1.0),18/04/24 11:00:00,Annual,Thousand tonnes,""Greenhouse gases (CO2, N2O in CO2 equivalent, CH4 in CO2 equivalent, HFC in CO2 equivalent, PFC in CO2 equivalent, SF6 in CO2 equivalent, NF3 in CO2 equivalent)"",Agriculture,Hungary,1988,11722.67,"
"ESTAT:ENV_AIR_GGE(1.0),18/04/24 11:00:00,Annual,Thousand tonnes,""Greenhouse gases (CO2, N2O in CO2 equivalent, CH4 in CO2 equivalent, HFC in CO2 equivalent, PFC in CO2 equivalent, SF6 in CO2 equivalent, NF3 in CO2 equivalent)"",Agriculture,Hungary,1989,11359.03,"
"ESTAT:ENV_AIR_GGE(1.0),18/04/24 11:00:00,Annual,Thousand tonnes,""Greenhouse gases (CO2, N2O in CO2 equivalent, CH4 in CO2 equivalent, HFC in CO2 equivalent, PFC in CO2 equivalent, SF6 in CO2 equivalent, NF3 in CO2 equivalent)"",Agriculture,Hungary,1990,9968.5,"
"ESTAT:ENV_AIR_GGE(1.0),18/04/24 11:00:00,Annual,Thousand tonnes,""Greenhouse gases (CO2, N2O in CO2 equivalent, CH4 in CO2 equivalent, HFC in CO2 equivalent, PFC in CO2 equivalent, SF6 in CO2 equivalent, NF3 in CO2 equivalent)"",Agriculture,Hungary,1991,8537.54,"
"ESTAT:ENV_AIR_GGE(1.0),18/04/24 11:00:00,Annual,Thousand tonnes,""Greenhouse gases (CO2, N2O in CO2 equivalent, CH4 in CO2 equivalent, HFC in CO2 equivalent, PFC in CO2 equivalent, SF6 in CO2 equivalent, NF3 in CO2 equivalent)"",Agriculture,Hungary,1992,7314.96,"
"ESTAT:ENV_AIR_GGE(1.0),18/04/24 11:00:00,Annual,Thousand tonnes,""Greenhouse gases (CO2, N2O in CO2 equivalent, CH4 in CO2 equivalent, HFC in CO2 equivalent, PFC in CO2 equivalent, SF6 in CO2 equivalent, NF3 in CO2 equivalent)"",Agriculture,Hungary,1993,6422.02,"
"ESTAT:ENV_AIR_GGE(1.0),18/04/24 11:00:00,Annual,Thousand tonnes,""Greenhouse gases (CO2, N2O in CO2 equivalent, CH4 in CO2 equivalent, HFC in CO2 equivalent, PFC in CO2 equivalent, SF6 in CO2 equivalent, NF3 in CO2 equivalent)"",Agriculture,Hungary,1994,6238.76,"
"ESTAT:ENV_AIR_GGE(1.0),18/04/24 11:00:00,Annual,Thousand tonnes,""Greenhouse gases (CO2, N2O in CO2 equivalent, CH4 in CO2 equivalent, HFC in CO2 equivalent, PFC in CO2 equivalent, SF6 in CO2 equivalent, NF3 in CO2 equivalent)"",Agriculture,Hungary,1995,5961.2,"
"ESTAT:ENV_AIR_GGE(1.0),18/04/24 11:00:00,Annual,Thousand tonnes,""Greenhouse gases (CO2, N2O in CO2 equivalent, CH4 in CO2 equivalent, HFC in CO2 equivalent, PFC in CO2 equivalent, SF6 in CO2 equivalent, NF3 in CO2 equivalent)"",Agriculture,Hungary,1996,5968.14,"
"ESTAT:ENV_AIR_GGE(1.0),18/04/24 11:00:00,Annual,Thousand tonnes,""Greenhouse gases (CO2, N2O in CO2 equivalent, CH4 in CO2 equivalent, HFC in CO2 equivalent, PFC in CO2 equivalent, SF6 in CO2 equivalent, NF3 in CO2 equivalent)"",Agriculture,Hungary,1997,5928.31,"
"ESTAT:ENV_AIR_GGE(1.0),18/04/24 11:00:00,Annual,Thousand tonnes,""Greenhouse gases (CO2, N2O in CO2 equivalent, CH4 in CO2 equivalent, HFC in CO2 equivalent, PFC in CO2 equivalent, SF6 in CO2 equivalent, NF3 in CO2 equivalent)"",Agriculture,Hungary,1998,6096.7,"
"ESTAT:ENV_AIR_GGE(1.0),18/04/24 11:00:00,Annual,Thousand tonnes,""Greenhouse gases (CO2, N2O in CO2 equivalent, CH4 in CO2 equivalent, HFC in CO2 equivalent, PFC in CO2 equivalent, SF6 in CO2 equivalent, NF3 in CO2 equivalent)"",Agriculture,Hungary,1999,6163.06,"
"ESTAT:ENV_AIR_GGE(1.0),18/04/24 11:00:00,Annual,Thousand tonnes,""Greenhouse gases (CO2, N2O in CO2 equivalent, CH4 in CO2 equivalent, HFC in CO2 equivalent, PFC in CO2 equivalent, SF6 in CO2 equivalent, NF3 in CO2 equivalent)"",Agriculture,Hungary,2000,6053.28,"
"ESTAT:ENV_AIR_GGE(1.0),18/04/24 11:00:00,Annual,Thousand tonnes,""Greenhouse gases (CO2, N2O in CO2 equivalent, CH4 in CO2 equivalent, HFC in CO2 equivalent, PFC in CO2 equivalent, SF6 in CO2 equivalent, NF3 in CO2 equivalent)"",Agriculture,Hungary,2001,6193.14,"
"ESTAT:ENV_AIR_GGE(1.0),18/04/24 11:00:00,Annual,Thousand tonnes,""Greenhouse gases (CO2, N2O in CO2 equivalent, CH4 in CO2 equivalent, HFC in CO2 equivalent, PFC in CO2 equivalent, SF6 in CO2 equivalent, NF3 in CO2 equivalent)"",Agriculture,Hungary,2002,6212.43,"
"ESTAT:ENV_AIR_GGE(1.0),18/04/24 11:00:00,Annual,Thousand tonnes,""Greenhouse gases (CO2, N2O in CO2 equivalent, CH4 in CO2 equivalent, HFC in CO2 equivalent, PFC in CO2 equivalent, SF6 in CO2 equivalent, NF3 in CO2 equivalent)"",Agriculture,Hungary,2003,6062.25,"
"ESTAT:ENV_AIR_GGE(1.0),18/04/24 11:00:00,Annual,Thousand tonnes,""Greenhouse gases (CO2, N2O in CO2 equivalent, CH4 in CO2 equivalent, HFC in CO2 equivalent, PFC in CO2 equivalent, SF6 in CO2 equivalent, NF3 in CO2 equivalent)"",Agriculture,Hungary,2004,6286.06,"
"ESTAT:ENV_AIR_GGE(1.0),18/04/24 11:00:00,Annual,Thousand tonnes,""Greenhouse gases (CO2, N2O in CO2 equivalent, CH4 in CO2 equivalent, HFC in CO2 equivalent, PFC in CO2 equivalent, SF6 in CO2 equivalent, NF3 in CO2 equivalent)"",Agriculture,Hungary,2005,5985.04,"
"ESTAT:ENV_AIR_GGE(1.0),18/04/24 11:00:00,Annual,Thousand tonnes,""Greenhouse gases (CO2, N2O in CO2 equivalent, CH4 in CO2 equivalent, HFC in CO2 equivalent, PFC in CO2 equivalent, SF6 in CO2 equivalent, NF3 in CO2 equivalent)"",Agriculture,Hungary,2006,5928.86,"
"ESTAT:ENV_AIR_GGE(1.0),18/04/24 11:00:00,Annual,Thousand tonnes,""Greenhouse gases (CO2, N2O in CO2 equivalent, CH4 in CO2 equivalent, HFC in CO2 equivalent, PFC in CO2 equivalent, SF6 in CO2 equivalent, NF3 in CO2 equivalent)"",Agriculture,Hungary,2007,5908.75,"
"ESTAT:ENV_AIR_GGE(1.0),18/04/24 11:00:00,Annual,Thousand tonnes,""Greenhouse gases (CO2, N2O in CO2 equivalent, CH4 in CO2 equivalent, HFC in CO2 equivalent, PFC in CO2 equivalent, SF6 in CO2 equivalent, NF3 in CO2 equivalent)"",Agriculture,Hungary,2008,5918.72,"
"ESTAT:ENV_AIR_GGE(1.0),18/04/24 11:00:00,Annual,Thousand tonnes,""Greenhouse gases (CO2, N2O in CO2 equivalent, CH4 in CO2 equivalent, HFC in CO2 equivalent, PFC in CO2 equivalent, SF6 in CO2 equivalent, NF3 in CO2 equivalent)"",Agriculture,Hungary,2009,5588.12,"
"ESTAT:ENV_AIR_GGE(1.0),18/04/24 11:00:00,Annual,Thousand tonnes,""Greenhouse gases (CO2, N2O in CO2 equivalent, CH4 in CO2 equivalent, HFC in CO2 equivalent, PFC in CO2 equivalent, SF6 in CO2 equivalent, NF3 in CO2 equivalent)"",Agriculture,Hungary,2010,5519.13,"
"ESTAT:ENV_AIR_GGE(1.0),18/04/24 11:00:00,Annual,Thousand tonnes,""Greenhouse gases (CO2, N2O in CO2 equivalent, CH4 in CO2 equivalent, HFC in CO2 equivalent, PFC in CO2 equivalent, SF6 in CO2 equivalent, NF3 in CO2 equivalent)"",Agriculture,Hungary,2011,5701.73,"
"ESTAT:ENV_AIR_GGE(1.0),18/04/24 11:00:00,Annual,Thousand tonnes,""Greenhouse gases (CO2, N2O in CO2 equivalent, CH4 in CO2 equivalent, HFC in CO2 equivalent, PFC in CO2 equivalent, SF6 in CO2 equivalent, NF3 in CO2 equivalent)"",Agriculture,Hungary,2012,5756.77,"
"ESTAT:ENV_AIR_GGE(1.0),18/04/24 11:00:00,Annual,Thousand tonnes,""Greenhouse gases (CO2, N2O in CO2 equivalent, CH4 in CO2 equivalent, HFC in CO2 equivalent, PFC in CO2 equivalent, SF6 in CO2 equivalent, NF3 in CO2 equivalent)"",Agriculture,Hungary,2013,6113.19,"
"ESTAT:ENV_AIR_GGE(1.0),18/04/24 11:00:00,Annual,Thousand tonnes,""Greenhouse gases (CO2, N2O in CO2 equivalent, CH4 in CO2 equivalent, HFC in CO2 equivalent, PFC in CO2 equivalent, SF6 in CO2 equivalent, NF3 in CO2 equivalent)"",Agriculture,Hungary,2014,6337.97,"
"ESTAT:ENV_AIR_GGE(1.0),18/04/24 11:00:00,Annual,Thousand tonnes,""Greenhouse gases (CO2, N2O in CO2 equivalent, CH4 in CO2 equivalent, HFC in CO2 equivalent, PFC in CO2 equivalent, SF6 in CO2 equivalent, NF3 in CO2 equivalent)"",Agriculture,Hungary,2015,6549.95,"
"ESTAT:ENV_AIR_GGE(1.0),18/04/24 11:00:00,Annual,Thousand tonnes,""Greenhouse gases (CO2, N2O in CO2 equivalent, CH4 in CO2 equivalent, HFC in CO2 equivalent, PFC in CO2 equivalent, SF6 in CO2 equivalent, NF3 in CO2 equivalent)"",Agriculture,Hungary,2016,6860.04,"
"ESTAT:ENV_AIR_GGE(1.0),18/04/24 11:00:00,Annual,Thousand tonnes,""Greenhouse gases (CO2, N2O in CO2 equivalent, CH4 in CO2 equivalent, HFC in CO2 equivalent, PFC in CO2 equivalent, SF6 in CO2 equivalent, NF3 in CO2 equivalent)"",Agriculture,Hungary,2017,6866.76,"
"ESTAT:ENV_AIR_GGE(1.0),18/04/24 11:00:00,Annual,Thousand tonnes,""Greenhouse gases (CO2, N2O in CO2 equivalent, CH4 in CO2 equivalent, HFC in CO2 equivalent, PFC in CO2 equivalent, SF6 in CO2 equivalent, NF3 in CO2 equivalent)"",Agriculture,Hungary,2018,6913.78,"
"ESTAT:ENV_AIR_GGE(1.0),18/04/24 11:00:00,Annual,Thousand tonnes,""Greenhouse gases (CO2, N2O in CO2 equivalent, CH4 in CO2 equivalent, HFC in CO2 equivalent, PFC in CO2 equivalent, SF6 in CO2 equivalent, NF3 in CO2 equivalent)"",Agriculture,Hungary,2019,6902.63,"
"ESTAT:ENV_AIR_GGE(1.0),18/04/24 11:00:00,Annual,Thousand tonnes,""Greenhouse gases (CO2, N2O in CO2 equivalent, CH4 in CO2 equivalent, HFC in CO2 equivalent, PFC in CO2 equivalent, SF6 in CO2 equivalent, NF3 in CO2 equivalent)"",Agriculture,Hungary,2020,7098.67,"
"ESTAT:ENV_AIR_GGE(1.0),18/04/24 11:00:00,Annual,Thousand tonnes,""Greenhouse gases (CO2, N2O in CO2 equivalent, CH4 in CO2 equivalent, HFC in CO2 equivalent, PFC in CO2 equivalent, SF6 in CO2 equivalent, NF3 in CO2 equivalent)"",Agriculture,Hungary,2021,7115.49,"
"ESTAT:ENV_AIR_GGE(1.0),18/04/24 11:00:00,Annual,Thousand tonnes,""Greenhouse gases (CO2, N2O in CO2 equivalent, CH4 in CO2 equivalent, HFC in CO2 equivalent, PFC in CO2 equivalent, SF6 in CO2 equivalent, NF3 in CO2 equivalent)"",Agriculture,Hungary,2022,6213.06,"
"ESTAT:ENV_AIR_GGE(1.0),18/04/24 11:00:00,Annual,Thousand tonnes,""Greenhouse gases (CO2, N2O in CO2 equivalent, CH4 in CO2 equivalent, HFC in CO2 equivalent, PFC in CO2 equivalent, SF6 in CO2 equivalent, NF3 in CO2 equivalent)"",Agriculture,Ireland,1990,19256.45,"
"ESTAT:ENV_AIR_GGE(1.0),18/04/24 11:00:00,Annual,Thousand tonnes,""Greenhouse gases (CO2, N2O in CO2 equivalent, CH4 in CO2 equivalent, HFC in CO2 equivalent, PFC in CO2 equivalent, SF6 in CO2 equivalent, NF3 in CO2 equivalent)"",Agriculture,Ireland,1991,19514.5,"
"ESTAT:ENV_AIR_GGE(1.0),18/04/24 11:00:00,Annual,Thousand tonnes,""Greenhouse gases (CO2, N2O in CO2 equivalent, CH4 in CO2 equivalent, HFC in CO2 equivalent, PFC in CO2 equivalent, SF6 in CO2 equivalent, NF3 in CO2 equivalent)"",Agriculture,Ireland,1992,19680.08,"
"ESTAT:ENV_AIR_GGE(1.0),18/04/24 11:00:00,Annual,Thousand tonnes,""Greenhouse gases (CO2, N2O in CO2 equivalent, CH4 in CO2 equivalent, HFC in CO2 equivalent, PFC in CO2 equivalent, SF6 in CO2 equivalent, NF3 in CO2 equivalent)"",Agriculture,Ireland,1993,20058.26,"
"ESTAT:ENV_AIR_GGE(1.0),18/04/24 11:00:00,Annual,Thousand tonnes,""Greenhouse gases (CO2, N2O in CO2 equivalent, CH4 in CO2 equivalent, HFC in CO2 equivalent, PFC in CO2 equivalent, SF6 in CO2 equivalent, NF3 in CO2 equivalent)"",Agriculture,Ireland,1994,20181.33,"
"ESTAT:ENV_AIR_GGE(1.0),18/04/24 11:00:00,Annual,Thousand tonnes,""Greenhouse gases (CO2, N2O in CO2 equivalent, CH4 in CO2 equivalent, HFC in CO2 equivalent, PFC in CO2 equivalent, SF6 in CO2 equivalent, NF3 in CO2 equivalent)"",Agriculture,Ireland,1995,20742.65,"
"ESTAT:ENV_AIR_GGE(1.0),18/04/24 11:00:00,Annual,Thousand tonnes,""Greenhouse gases (CO2, N2O in CO2 equivalent, CH4 in CO2 equivalent, HFC in CO2 equivalent, PFC in CO2 equivalent, SF6 in CO2 equivalent, NF3 in CO2 equivalent)"",Agriculture,Ireland,1996,21260.87,"
"ESTAT:ENV_AIR_GGE(1.0),18/04/24 11:00:00,Annual,Thousand tonnes,""Greenhouse gases (CO2, N2O in CO2 equivalent, CH4 in CO2 equivalent, HFC in CO2 equivalent, PFC in CO2 equivalent, SF6 in CO2 equivalent, NF3 in CO2 equivalent)"",Agriculture,Ireland,1997,21471.38,"
"ESTAT:ENV_AIR_GGE(1.0),18/04/24 11:00:00,Annual,Thousand tonnes,""Greenhouse gases (CO2, N2O in CO2 equivalent, CH4 in CO2 equivalent, HFC in CO2 equivalent, PFC in CO2 equivalent, SF6 in CO2 equivalent, NF3 in CO2 equivalent)"",Agriculture,Ireland,1998,22040.78,"
"ESTAT:ENV_AIR_GGE(1.0),18/04/24 11:00:00,Annual,Thousand tonnes,""Greenhouse gases (CO2, N2O in CO2 equivalent, CH4 in CO2 equivalent, HFC in CO2 equivalent, PFC in CO2 equivalent, SF6 in CO2 equivalent, NF3 in CO2 equivalent)"",Agriculture,Ireland,1999,21733.86,"
"ESTAT:ENV_AIR_GGE(1.0),18/04/24 11:00:00,Annual,Thousand tonnes,""Greenhouse gases (CO2, N2O in CO2 equivalent, CH4 in CO2 equivalent, HFC in CO2 equivalent, PFC in CO2 equivalent, SF6 in CO2 equivalent, NF3 in CO2 equivalent)"",Agriculture,Ireland,2000,20840.98,"
"ESTAT:ENV_AIR_GGE(1.0),18/04/24 11:00:00,Annual,Thousand tonnes,""Greenhouse gases (CO2, N2O in CO2 equivalent, CH4 in CO2 equivalent, HFC in CO2 equivalent, PFC in CO2 equivalent, SF6 in CO2 equivalent, NF3 in CO2 equivalent)"",Agriculture,Ireland,2001,20635.04,"
"ESTAT:ENV_AIR_GGE(1.0),18/04/24 11:00:00,Annual,Thousand tonnes,""Greenhouse gases (CO2, N2O in CO2 equivalent, CH4 in CO2 equivalent, HFC in CO2 equivalent, PFC in CO2 equivalent, SF6 in CO2 equivalent, NF3 in CO2 equivalent)"",Agriculture,Ireland,2002,20390.13,"
"ESTAT:ENV_AIR_GGE(1.0),18/04/24 11:00:00,Annual,Thousand tonnes,""Greenhouse gases (CO2, N2O in CO2 equivalent, CH4 in CO2 equivalent, HFC in CO2 equivalent, PFC in CO2 equivalent, SF6 in CO2 equivalent, NF3 in CO2 equivalent)"",Agriculture,Ireland,2003,20695.87,"
"ESTAT:ENV_AIR_GGE(1.0),18/04/24 11:00:00,Annual,Thousand tonnes,""Greenhouse gases (CO2, N2O in CO2 equivalent, CH4 in CO2 equivalent, HFC in CO2 equivalent, PFC in CO2 equivalent, SF6 in CO2 equivalent, NF3 in CO2 equivalent)"",Agriculture,Ireland,2004,20322.16,"
"ESTAT:ENV_AIR_GGE(1.0),18/04/24 11:00:00,Annual,Thousand tonnes,""Greenhouse gases (CO2, N2O in CO2 equivalent, CH4 in CO2 equivalent, HFC in CO2 equivalent, PFC in CO2 equivalent, SF6 in CO2 equivalent, NF3 in CO2 equivalent)"",Agriculture,Ireland,2005,20156.95,"
"ESTAT:ENV_AIR_GGE(1.0),18/04/24 11:00:00,Annual,Thousand tonnes,""Greenhouse gases (CO2, N2O in CO2 equivalent, CH4 in CO2 equivalent, HFC in CO2 equivalent, PFC in CO2 equivalent, SF6 in CO2 equivalent, NF3 in CO2 equivalent)"",Agriculture,Ireland,2006,20165.18,"
"ESTAT:ENV_AIR_GGE(1.0),18/04/24 11:00:00,Annual,Thousand tonnes,""Greenhouse gases (CO2, N2O in CO2 equivalent, CH4 in CO2 equivalent, HFC in CO2 equivalent, PFC in CO2 equivalent, SF6 in CO2 equivalent, NF3 in CO2 equivalent)"",Agriculture,Ireland,2007,19559.52,"
"ESTAT:ENV_AIR_GGE(1.0),18/04/24 11:00:00,Annual,Thousand tonnes,""Greenhouse gases (CO2, N2O in CO2 equivalent, CH4 in CO2 equivalent, HFC in CO2 equivalent, PFC in CO2 equivalent, SF6 in CO2 equivalent, NF3 in CO2 equivalent)"",Agriculture,Ireland,2008,19334.47,"
"ESTAT:ENV_AIR_GGE(1.0),18/04/24 11:00:00,Annual,Thousand tonnes,""Greenhouse gases (CO2, N2O in CO2 equivalent, CH4 in CO2 equivalent, HFC in CO2 equivalent, PFC in CO2 equivalent, SF6 in CO2 equivalent, NF3 in CO2 equivalent)"",Agriculture,Ireland,2009,19047.1,"
"ESTAT:ENV_AIR_GGE(1.0),18/04/24 11:00:00,Annual,Thousand tonnes,""Greenhouse gases (CO2, N2O in CO2 equivalent, CH4 in CO2 equivalent, HFC in CO2 equivalent, PFC in CO2 equivalent, SF6 in CO2 equivalent, NF3 in CO2 equivalent)"",Agriculture,Ireland,2010,19127.77,"
"ESTAT:ENV_AIR_GGE(1.0),18/04/24 11:00:00,Annual,Thousand tonnes,""Greenhouse gases (CO2, N2O in CO2 equivalent, CH4 in CO2 equivalent, HFC in CO2 equivalent, PFC in CO2 equivalent, SF6 in CO2 equivalent, NF3 in CO2 equivalent)"",Agriculture,Ireland,2011,18525.59,"
"ESTAT:ENV_AIR_GGE(1.0),18/04/24 11:00:00,Annual,Thousand tonnes,""Greenhouse gases (CO2, N2O in CO2 equivalent, CH4 in CO2 equivalent, HFC in CO2 equivalent, PFC in CO2 equivalent, SF6 in CO2 equivalent, NF3 in CO2 equivalent)"",Agriculture,Ireland,2012,19417.23,"
"ESTAT:ENV_AIR_GGE(1.0),18/04/24 11:00:00,Annual,Thousand tonnes,""Greenhouse gases (CO2, N2O in CO2 equivalent, CH4 in CO2 equivalent, HFC in CO2 equivalent, PFC in CO2 equivalent, SF6 in CO2 equivalent, NF3 in CO2 equivalent)"",Agriculture,Ireland,2013,20229.08,"
"ESTAT:ENV_AIR_GGE(1.0),18/04/24 11:00:00,Annual,Thousand tonnes,""Greenhouse gases (CO2, N2O in CO2 equivalent, CH4 in CO2 equivalent, HFC in CO2 equivalent, PFC in CO2 equivalent, SF6 in CO2 equivalent, NF3 in CO2 equivalent)"",Agriculture,Ireland,2014,19791.9,"
"ESTAT:ENV_AIR_GGE(1.0),18/04/24 11:00:00,Annual,Thousand tonnes,""Greenhouse gases (CO2, N2O in CO2 equivalent, CH4 in CO2 equivalent, HFC in CO2 equivalent, PFC in CO2 equivalent, SF6 in CO2 equivalent, NF3 in CO2 equivalent)"",Agriculture,Ireland,2015,20365.73,"
"ESTAT:ENV_AIR_GGE(1.0),18/04/24 11:00:00,Annual,Thousand tonnes,""Greenhouse gases (CO2, N2O in CO2 equivalent, CH4 in CO2 equivalent, HFC in CO2 equivalent, PFC in CO2 equivalent, SF6 in CO2 equivalent, NF3 in CO2 equivalent)"",Agriculture,Ireland,2016,20918.55,"
"ESTAT:ENV_AIR_GGE(1.0),18/04/24 11:00:00,Annual,Thousand tonnes,""Greenhouse gases (CO2, N2O in CO2 equivalent, CH4 in CO2 equivalent, HFC in CO2 equivalent, PFC in CO2 equivalent, SF6 in CO2 equivalent, NF3 in CO2 equivalent)"",Agriculture,Ireland,2017,21670.52,"
"ESTAT:ENV_AIR_GGE(1.0),18/04/24 11:00:00,Annual,Thousand tonnes,""Greenhouse gases (CO2, N2O in CO2 equivalent, CH4 in CO2 equivalent, HFC in CO2 equivalent, PFC in CO2 equivalent, SF6 in CO2 equivalent, NF3 in CO2 equivalent)"",Agriculture,Ireland,2018,22501.73,"
"ESTAT:ENV_AIR_GGE(1.0),18/04/24 11:00:00,Annual,Thousand tonnes,""Greenhouse gases (CO2, N2O in CO2 equivalent, CH4 in CO2 equivalent, HFC in CO2 equivalent, PFC in CO2 equivalent, SF6 in CO2 equivalent, NF3 in CO2 equivalent)"",Agriculture,Ireland,2019,21576.37,"
"ESTAT:ENV_AIR_GGE(1.0),18/04/24 11:00:00,Annual,Thousand tonnes,""Greenhouse gases (CO2, N2O in CO2 equivalent, CH4 in CO2 equivalent, HFC in CO2 equivalent, PFC in CO2 equivalent, SF6 in CO2 equivalent, NF3 in CO2 equivalent)"",Agriculture,Ireland,2020,21929.83,"
"ESTAT:ENV_AIR_GGE(1.0),18/04/24 11:00:00,Annual,Thousand tonnes,""Greenhouse gases (CO2, N2O in CO2 equivalent, CH4 in CO2 equivalent, HFC in CO2 equivalent, PFC in CO2 equivalent, SF6 in CO2 equivalent, NF3 in CO2 equivalent)"",Agriculture,Ireland,2021,22754.05,"
"ESTAT:ENV_AIR_GGE(1.0),18/04/24 11:00:00,Annual,Thousand tonnes,""Greenhouse gases (CO2, N2O in CO2 equivalent, CH4 in CO2 equivalent, HFC in CO2 equivalent, PFC in CO2 equivalent, SF6 in CO2 equivalent, NF3 in CO2 equivalent)"",Agriculture,Ireland,2022,22436.76,"
"ESTAT:ENV_AIR_GGE(1.0),18/04/24 11:00:00,Annual,Thousand tonnes,""Greenhouse gases (CO2, N2O in CO2 equivalent, CH4 in CO2 equivalent, HFC in CO2 equivalent, PFC in CO2 equivalent, SF6 in CO2 equivalent, NF3 in CO2 equivalent)"",Agriculture,Italy,1990,37952.78,"
"ESTAT:ENV_AIR_GGE(1.0),18/04/24 11:00:00,Annual,Thousand tonnes,""Greenhouse gases (CO2, N2O in CO2 equivalent, CH4 in CO2 equivalent, HFC in CO2 equivalent, PFC in CO2 equivalent, SF6 in CO2 equivalent, NF3 in CO2 equivalent)"",Agriculture,Italy,1991,38814.31,"
"ESTAT:ENV_AIR_GGE(1.0),18/04/24 11:00:00,Annual,Thousand tonnes,""Greenhouse gases (CO2, N2O in CO2 equivalent, CH4 in CO2 equivalent, HFC in CO2 equivalent, PFC in CO2 equivalent, SF6 in CO2 equivalent, NF3 in CO2 equivalent)"",Agriculture,Italy,1992,38284.8,"
"ESTAT:ENV_AIR_GGE(1.0),18/04/24 11:00:00,Annual,Thousand tonnes,""Greenhouse gases (CO2, N2O in CO2 equivalent, CH4 in CO2 equivalent, HFC in CO2 equivalent, PFC in CO2 equivalent, SF6 in CO2 equivalent, NF3 in CO2 equivalent)"",Agriculture,Italy,1993,38698.14,"
"ESTAT:ENV_AIR_GGE(1.0),18/04/24 11:00:00,Annual,Thousand tonnes,""Greenhouse gases (CO2, N2O in CO2 equivalent, CH4 in CO2 equivalent, HFC in CO2 equivalent, PFC in CO2 equivalent, SF6 in CO2 equivalent, NF3 in CO2 equivalent)"",Agriculture,Italy,1994,38318.04,"
"ESTAT:ENV_AIR_GGE(1.0),18/04/24 11:00:00,Annual,Thousand tonnes,""Greenhouse gases (CO2, N2O in CO2 equivalent, CH4 in CO2 equivalent, HFC in CO2 equivalent, PFC in CO2 equivalent, SF6 in CO2 equivalent, NF3 in CO2 equivalent)"",Agriculture,Italy,1995,38311.92,"
"ESTAT:ENV_AIR_GGE(1.0),18/04/24 11:00:00,Annual,Thousand tonnes,""Greenhouse gases (CO2, N2O in CO2 equivalent, CH4 in CO2 equivalent, HFC in CO2 equivalent, PFC in CO2 equivalent, SF6 in CO2 equivalent, NF3 in CO2 equivalent)"",Agriculture,Italy,1996,38341.81,"
"ESTAT:ENV_AIR_GGE(1.0),18/04/24 11:00:00,Annual,Thousand tonnes,""Greenhouse gases (CO2, N2O in CO2 equivalent, CH4 in CO2 equivalent, HFC in CO2 equivalent, PFC in CO2 equivalent, SF6 in CO2 equivalent, NF3 in CO2 equivalent)"",Agriculture,Italy,1997,38835.42,"
"ESTAT:ENV_AIR_GGE(1.0),18/04/24 11:00:00,Annual,Thousand tonnes,""Greenhouse gases (CO2, N2O in CO2 equivalent, CH4 in CO2 equivalent, HFC in CO2 equivalent, PFC in CO2 equivalent, SF6 in CO2 equivalent, NF3 in CO2 equivalent)"",Agriculture,Italy,1998,38159.71,"
"ESTAT:ENV_AIR_GGE(1.0),18/04/24 11:00:00,Annual,Thousand tonnes,""Greenhouse gases (CO2, N2O in CO2 equivalent, CH4 in CO2 equivalent, HFC in CO2 equivalent, PFC in CO2 equivalent, SF6 in CO2 equivalent, NF3 in CO2 equivalent)"",Agriculture,Italy,1999,38630.57,"
"ESTAT:ENV_AIR_GGE(1.0),18/04/24 11:00:00,Annual,Thousand tonnes,""Greenhouse gases (CO2, N2O in CO2 equivalent, CH4 in CO2 equivalent, HFC in CO2 equivalent, PFC in CO2 equivalent, SF6 in CO2 equivalent, NF3 in CO2 equivalent)"",Agriculture,Italy,2000,37430.21,"
"ESTAT:ENV_AIR_GGE(1.0),18/04/24 11:00:00,Annual,Thousand tonnes,""Greenhouse gases (CO2, N2O in CO2 equivalent, CH4 in CO2 equivalent, HFC in CO2 equivalent, PFC in CO2 equivalent, SF6 in CO2 equivalent, NF3 in CO2 equivalent)"",Agriculture,Italy,2001,37039.7,"
"ESTAT:ENV_AIR_GGE(1.0),18/04/24 11:00:00,Annual,Thousand tonnes,""Greenhouse gases (CO2, N2O in CO2 equivalent, CH4 in CO2 equivalent, HFC in CO2 equivalent, PFC in CO2 equivalent, SF6 in CO2 equivalent, NF3 in CO2 equivalent)"",Agriculture,Italy,2002,36517.2,"
"ESTAT:ENV_AIR_GGE(1.0),18/04/24 11:00:00,Annual,Thousand tonnes,""Greenhouse gases (CO2, N2O in CO2 equivalent, CH4 in CO2 equivalent, HFC in CO2 equivalent, PFC in CO2 equivalent, SF6 in CO2 equivalent, NF3 in CO2 equivalent)"",Agriculture,Italy,2003,36359.99,"
"ESTAT:ENV_AIR_GGE(1.0),18/04/24 11:00:00,Annual,Thousand tonnes,""Greenhouse gases (CO2, N2O in CO2 equivalent, CH4 in CO2 equivalent, HFC in CO2 equivalent, PFC in CO2 equivalent, SF6 in CO2 equivalent, NF3 in CO2 equivalent)"",Agriculture,Italy,2004,35652.41,"
"ESTAT:ENV_AIR_GGE(1.0),18/04/24 11:00:00,Annual,Thousand tonnes,""Greenhouse gases (CO2, N2O in CO2 equivalent, CH4 in CO2 equivalent, HFC in CO2 equivalent, PFC in CO2 equivalent, SF6 in CO2 equivalent, NF3 in CO2 equivalent)"",Agriculture,Italy,2005,35028.38,"
"ESTAT:ENV_AIR_GGE(1.0),18/04/24 11:00:00,Annual,Thousand tonnes,""Greenhouse gases (CO2, N2O in CO2 equivalent, CH4 in CO2 equivalent, HFC in CO2 equivalent, PFC in CO2 equivalent, SF6 in CO2 equivalent, NF3 in CO2 equivalent)"",Agriculture,Italy,2006,34364.92,"
"ESTAT:ENV_AIR_GGE(1.0),18/04/24 11:00:00,Annual,Thousand tonnes,""Greenhouse gases (CO2, N2O in CO2 equivalent, CH4 in CO2 equivalent, HFC in CO2 equivalent, PFC in CO2 equivalent, SF6 in CO2 equivalent, NF3 in CO2 equivalent)"",Agriculture,Italy,2007,35041.13,"
"ESTAT:ENV_AIR_GGE(1.0),18/04/24 11:00:00,Annual,Thousand tonnes,""Greenhouse gases (CO2, N2O in CO2 equivalent, CH4 in CO2 equivalent, HFC in CO2 equivalent, PFC in CO2 equivalent, SF6 in CO2 equivalent, NF3 in CO2 equivalent)"",Agriculture,Italy,2008,34153.9,"
"ESTAT:ENV_AIR_GGE(1.0),18/04/24 11:00:00,Annual,Thousand tonnes,""Greenhouse gases (CO2, N2O in CO2 equivalent, CH4 in CO2 equivalent, HFC in CO2 equivalent, PFC in CO2 equivalent, SF6 in CO2 equivalent, NF3 in CO2 equivalent)"",Agriculture,Italy,2009,33443.79,"
"ESTAT:ENV_AIR_GGE(1.0),18/04/24 11:00:00,Annual,Thousand tonnes,""Greenhouse gases (CO2, N2O in CO2 equivalent, CH4 in CO2 equivalent, HFC in CO2 equivalent, PFC in CO2 equivalent, SF6 in CO2 equivalent, NF3 in CO2 equivalent)"",Agriculture,Italy,2010,32633.74,"
"ESTAT:ENV_AIR_GGE(1.0),18/04/24 11:00:00,Annual,Thousand tonnes,""Greenhouse gases (CO2, N2O in CO2 equivalent, CH4 in CO2 equivalent, HFC in CO2 equivalent, PFC in CO2 equivalent, SF6 in CO2 equivalent, NF3 in CO2 equivalent)"",Agriculture,Italy,2011,33122.03,"
"ESTAT:ENV_AIR_GGE(1.0),18/04/24 11:00:00,Annual,Thousand tonnes,""Greenhouse gases (CO2, N2O in CO2 equivalent, CH4 in CO2 equivalent, HFC in CO2 equivalent, PFC in CO2 equivalent, SF6 in CO2 equivalent, NF3 in CO2 equivalent)"",Agriculture,Italy,2012,33552.05,"
"ESTAT:ENV_AIR_GGE(1.0),18/04/24 11:00:00,Annual,Thousand tonnes,""Greenhouse gases (CO2, N2O in CO2 equivalent, CH4 in CO2 equivalent, HFC in CO2 equivalent, PFC in CO2 equivalent, SF6 in CO2 equivalent, NF3 in CO2 equivalent)"",Agriculture,Italy,2013,32847.79,"
"ESTAT:ENV_AIR_GGE(1.0),18/04/24 11:00:00,Annual,Thousand tonnes,""Greenhouse gases (CO2, N2O in CO2 equivalent, CH4 in CO2 equivalent, HFC in CO2 equivalent, PFC in CO2 equivalent, SF6 in CO2 equivalent, NF3 in CO2 equivalent)"",Agriculture,Italy,2014,32421.8,"
"ESTAT:ENV_AIR_GGE(1.0),18/04/24 11:00:00,Annual,Thousand tonnes,""Greenhouse gases (CO2, N2O in CO2 equivalent, CH4 in CO2 equivalent, HFC in CO2 equivalent, PFC in CO2 equivalent, SF6 in CO2 equivalent, NF3 in CO2 equivalent)"",Agriculture,Italy,2015,32455.3,"
"ESTAT:ENV_AIR_GGE(1.0),18/04/24 11:00:00,Annual,Thousand tonnes,""Greenhouse gases (CO2, N2O in CO2 equivalent, CH4 in CO2 equivalent, HFC in CO2 equivalent, PFC in CO2 equivalent, SF6 in CO2 equivalent, NF3 in CO2 equivalent)"",Agriculture,Italy,2016,33563.25,"
"ESTAT:ENV_AIR_GGE(1.0),18/04/24 11:00:00,Annual,Thousand tonnes,""Greenhouse gases (CO2, N2O in CO2 equivalent, CH4 in CO2 equivalent, HFC in CO2 equivalent, PFC in CO2 equivalent, SF6 in CO2 equivalent, NF3 in CO2 equivalent)"",Agriculture,Italy,2017,32717.05,"
"ESTAT:ENV_AIR_GGE(1.0),18/04/24 11:00:00,Annual,Thousand tonnes,""Greenhouse gases (CO2, N2O in CO2 equivalent, CH4 in CO2 equivalent, HFC in CO2 equivalent, PFC in CO2 equivalent, SF6 in CO2 equivalent, NF3 in CO2 equivalent)"",Agriculture,Italy,2018,32507.12,"
"ESTAT:ENV_AIR_GGE(1.0),18/04/24 11:00:00,Annual,Thousand tonnes,""Greenhouse gases (CO2, N2O in CO2 equivalent, CH4 in CO2 equivalent, HFC in CO2 equivalent, PFC in CO2 equivalent, SF6 in CO2 equivalent, NF3 in CO2 equivalent)"",Agriculture,Italy,2019,32313.7,"
"ESTAT:ENV_AIR_GGE(1.0),18/04/24 11:00:00,Annual,Thousand tonnes,""Greenhouse gases (CO2, N2O in CO2 equivalent, CH4 in CO2 equivalent, HFC in CO2 equivalent, PFC in CO2 equivalent, SF6 in CO2 equivalent, NF3 in CO2 equivalent)"",Agriculture,Italy,2020,33533.9,"
"ESTAT:ENV_AIR_GGE(1.0),18/04/24 11:00:00,Annual,Thousand tonnes,""Greenhouse gases (CO2, N2O in CO2 equivalent, CH4 in CO2 equivalent, HFC in CO2 equivalent, PFC in CO2 equivalent, SF6 in CO2 equivalent, NF3 in CO2 equivalent)"",Agriculture,Italy,2021,32862.17,"
"ESTAT:ENV_AIR_GGE(1.0),18/04/24 11:00:00,Annual,Thousand tonnes,""Greenhouse gases (CO2, N2O in CO2 equivalent, CH4 in CO2 equivalent, HFC in CO2 equivalent, PFC in CO2 equivalent, SF6 in CO2 equivalent, NF3 in CO2 equivalent)"",Agriculture,Italy,2022,30763.81,"
